x1,x2,fsinx,fcosx
1000,0,0,1000
1000,1,17,999
1000,2,34,999
1000,3,52,998
1000,4,69,997
1000,5,87,996
1000,6,104,994
1000,7,121,992
1000,8,139,990
1000,9,156,987
1000,10,173,984
1000,11,190,981
1000,12,207,978
1000,13,224,974
1000,14,241,970
1000,15,258,965
1000,16,275,961
1000,17,292,956
1000,18,309,951
1000,19,325,945
1000,20,342,939
1000,21,358,933
1000,22,374,927
1000,23,390,920
1000,24,406,913
1000,25,422,906
1000,26,438,898
1000,27,453,891
1000,28,469,882
1000,29,484,874
1000,30,499,866
1000,31,515,857
1000,32,529,848
1000,33,544,838
1000,34,559,829
1000,35,573,819
1000,36,587,809
1000,37,601,798
1000,38,615,788
1000,39,629,777
1000,40,642,766
1000,41,656,754
1000,42,669,743
1000,43,681,731
1000,44,694,719
1000,45,707,707
1000,46,719,694
1000,47,731,681
1000,48,743,669
1000,49,754,656
1000,50,766,642
1000,51,777,629
1000,52,788,615
1000,53,798,601
1000,54,809,587
1000,55,819,573
1000,56,829,559
1000,57,838,544
1000,58,848,529
1000,59,857,515
1000,60,866,500
1000,61,874,484
1000,62,882,469
1000,63,891,453
1000,64,898,438
1000,65,906,422
1000,66,913,406
1000,67,920,390
1000,68,927,374
1000,69,933,358
1000,70,939,342
1000,71,945,325
1000,72,951,309
1000,73,956,292
1000,74,961,275
1000,75,965,258
1000,76,970,241
1000,77,974,224
1000,78,978,207
1000,79,981,190
1000,80,984,173
1000,81,987,156
1000,82,990,139
1000,83,992,121
1000,84,994,104
1000,85,996,87
1000,86,997,69
1000,87,998,52
1000,88,999,34
1000,89,999,17
1000,90,1000,0
1000,91,999,-17
1000,92,999,-34
1000,93,998,-52
1000,94,997,-69
1000,95,996,-87
1000,96,994,-104
1000,97,992,-121
1000,98,990,-139
1000,99,987,-156
1000,100,984,-173
1000,101,981,-190
1000,102,978,-207
1000,103,974,-224
1000,104,970,-241
1000,105,965,-258
1000,106,961,-275
1000,107,956,-292
1000,108,951,-309
1000,109,945,-325
1000,110,939,-342
1000,111,933,-358
1000,112,927,-374
1000,113,920,-390
1000,114,913,-406
1000,115,906,-422
1000,116,898,-438
1000,117,891,-453
1000,118,882,-469
1000,119,874,-484
1000,120,866,-499
1000,121,857,-515
1000,122,848,-529
1000,123,838,-544
1000,124,829,-559
1000,125,819,-573
1000,126,809,-587
1000,127,798,-601
1000,128,788,-615
1000,129,777,-629
1000,130,766,-642
1000,131,754,-656
1000,132,743,-669
1000,133,731,-681
1000,134,719,-694
1000,135,707,-707
1000,136,694,-719
1000,137,681,-731
1000,138,669,-743
1000,139,656,-754
1000,140,642,-766
1000,141,629,-777
1000,142,615,-788
1000,143,601,-798
1000,144,587,-809
1000,145,573,-819
1000,146,559,-829
1000,147,544,-838
1000,148,529,-848
1000,149,515,-857
1000,150,499,-866
1000,151,484,-874
1000,152,469,-882
1000,153,453,-891
1000,154,438,-898
1000,155,422,-906
1000,156,406,-913
1000,157,390,-920
1000,158,374,-927
1000,159,358,-933
1000,160,342,-939
1000,161,325,-945
1000,162,309,-951
1000,163,292,-956
1000,164,275,-961
1000,165,258,-965
1000,166,241,-970
1000,167,224,-974
1000,168,207,-978
1000,169,190,-981
1000,170,173,-984
1000,171,156,-987
1000,172,139,-990
1000,173,121,-992
1000,174,104,-994
1000,175,87,-996
1000,176,69,-997
1000,177,52,-998
1000,178,34,-999
1000,179,17,-999
1000,180,0,-1000
1000,181,-17,-999
1000,182,-34,-999
1000,183,-52,-998
1000,184,-69,-997
1000,185,-87,-996
1000,186,-104,-994
1000,187,-121,-992
1000,188,-139,-990
1000,189,-156,-987
1000,190,-173,-984
1000,191,-190,-981
1000,192,-207,-978
1000,193,-224,-974
1000,194,-241,-970
1000,195,-258,-965
1000,196,-275,-961
1000,197,-292,-956
1000,198,-309,-951
1000,199,-325,-945
1000,200,-342,-939
1000,201,-358,-933
1000,202,-374,-927
1000,203,-390,-920
1000,204,-406,-913
1000,205,-422,-906
1000,206,-438,-898
1000,207,-453,-891
1000,208,-469,-882
1000,209,-484,-874
1000,210,-500,-866
1000,211,-515,-857
1000,212,-529,-848
1000,213,-544,-838
1000,214,-559,-829
1000,215,-573,-819
1000,216,-587,-809
1000,217,-601,-798
1000,218,-615,-788
1000,219,-629,-777
1000,220,-642,-766
1000,221,-656,-754
1000,222,-669,-743
1000,223,-681,-731
1000,224,-694,-719
1000,225,-707,-707
1000,226,-719,-694
1000,227,-731,-681
1000,228,-743,-669
1000,229,-754,-656
1000,230,-766,-642
1000,231,-777,-629
1000,232,-788,-615
1000,233,-798,-601
1000,234,-809,-587
1000,235,-819,-573
1000,236,-829,-559
1000,237,-838,-544
1000,238,-848,-529
1000,239,-857,-515
1000,240,-866,-500
1000,241,-874,-484
1000,242,-882,-469
1000,243,-891,-453
1000,244,-898,-438
1000,245,-906,-422
1000,246,-913,-406
1000,247,-920,-390
1000,248,-927,-374
1000,249,-933,-358
1000,250,-939,-342
1000,251,-945,-325
1000,252,-951,-309
1000,253,-956,-292
1000,254,-961,-275
1000,255,-965,-258
1000,256,-970,-241
1000,257,-974,-224
1000,258,-978,-207
1000,259,-981,-190
1000,260,-984,-173
1000,261,-987,-156
1000,262,-990,-139
1000,263,-992,-121
1000,264,-994,-104
1000,265,-996,-87
1000,266,-997,-69
1000,267,-998,-52
1000,268,-999,-34
1000,269,-999,-17
1000,270,-1000,0
1000,271,-999,17
1000,272,-999,34
1000,273,-998,52
1000,274,-997,69
1000,275,-996,87
1000,276,-994,104
1000,277,-992,121
1000,278,-990,139
1000,279,-987,156
1000,280,-984,173
1000,281,-981,190
1000,282,-978,207
1000,283,-974,224
1000,284,-970,241
1000,285,-965,258
1000,286,-961,275
1000,287,-956,292
1000,288,-951,309
1000,289,-945,325
1000,290,-939,342
1000,291,-933,358
1000,292,-927,374
1000,293,-920,390
1000,294,-913,406
1000,295,-906,422
1000,296,-898,438
1000,297,-891,453
1000,298,-882,469
1000,299,-874,484
1000,300,-866,500
1000,301,-857,515
1000,302,-848,529
1000,303,-838,544
1000,304,-829,559
1000,305,-819,573
1000,306,-809,587
1000,307,-798,601
1000,308,-788,615
1000,309,-777,629
1000,310,-766,642
1000,311,-754,656
1000,312,-743,669
1000,313,-731,681
1000,314,-719,694
1000,315,-707,707
1000,316,-694,719
1000,317,-681,731
1000,318,-669,743
1000,319,-656,754
1000,320,-642,766
1000,321,-629,777
1000,322,-615,788
1000,323,-601,798
1000,324,-587,809
1000,325,-573,819
1000,326,-559,829
1000,327,-544,838
1000,328,-529,848
1000,329,-515,857
1000,330,-500,866
1000,331,-484,874
1000,332,-469,882
1000,333,-453,891
1000,334,-438,898
1000,335,-422,906
1000,336,-406,913
1000,337,-390,920
1000,338,-374,927
1000,339,-358,933
1000,340,-342,939
1000,341,-325,945
1000,342,-309,951
1000,343,-292,956
1000,344,-275,961
1000,345,-258,965
1000,346,-241,970
1000,347,-224,974
1000,348,-207,978
1000,349,-190,981
1000,350,-173,984
1000,351,-156,987
1000,352,-139,990
1000,353,-121,992
1000,354,-104,994
1000,355,-87,996
1000,356,-69,997
1000,357,-52,998
1000,358,-34,999
1000,359,-17,999
1000,360,0,1000
2000,0,0,2000
2000,1,34,1999
2000,2,69,1998
2000,3,104,1997
2000,4,139,1995
2000,5,174,1992
2000,6,209,1989
2000,7,243,1985
2000,8,278,1980
2000,9,312,1975
2000,10,347,1969
2000,11,381,1963
2000,12,415,1956
2000,13,449,1948
2000,14,483,1940
2000,15,517,1931
2000,16,551,1922
2000,17,584,1912
2000,18,618,1902
2000,19,651,1891
2000,20,684,1879
2000,21,716,1867
2000,22,749,1854
2000,23,781,1841
2000,24,813,1827
2000,25,845,1812
2000,26,876,1797
2000,27,907,1782
2000,28,938,1765
2000,29,969,1749
2000,30,999,1732
2000,31,1030,1714
2000,32,1059,1696
2000,33,1089,1677
2000,34,1118,1658
2000,35,1147,1638
2000,36,1175,1618
2000,37,1203,1597
2000,38,1231,1576
2000,39,1258,1554
2000,40,1285,1532
2000,41,1312,1509
2000,42,1338,1486
2000,43,1363,1462
2000,44,1389,1438
2000,45,1414,1414
2000,46,1438,1389
2000,47,1462,1363
2000,48,1486,1338
2000,49,1509,1312
2000,50,1532,1285
2000,51,1554,1258
2000,52,1576,1231
2000,53,1597,1203
2000,54,1618,1175
2000,55,1638,1147
2000,56,1658,1118
2000,57,1677,1089
2000,58,1696,1059
2000,59,1714,1030
2000,60,1732,1000
2000,61,1749,969
2000,62,1765,938
2000,63,1782,907
2000,64,1797,876
2000,65,1812,845
2000,66,1827,813
2000,67,1841,781
2000,68,1854,749
2000,69,1867,716
2000,70,1879,684
2000,71,1891,651
2000,72,1902,618
2000,73,1912,584
2000,74,1922,551
2000,75,1931,517
2000,76,1940,483
2000,77,1948,449
2000,78,1956,415
2000,79,1963,381
2000,80,1969,347
2000,81,1975,312
2000,82,1980,278
2000,83,1985,243
2000,84,1989,209
2000,85,1992,174
2000,86,1995,139
2000,87,1997,104
2000,88,1998,69
2000,89,1999,34
2000,90,2000,0
2000,91,1999,-34
2000,92,1998,-69
2000,93,1997,-104
2000,94,1995,-139
2000,95,1992,-174
2000,96,1989,-209
2000,97,1985,-243
2000,98,1980,-278
2000,99,1975,-312
2000,100,1969,-347
2000,101,1963,-381
2000,102,1956,-415
2000,103,1948,-449
2000,104,1940,-483
2000,105,1931,-517
2000,106,1922,-551
2000,107,1912,-584
2000,108,1902,-618
2000,109,1891,-651
2000,110,1879,-684
2000,111,1867,-716
2000,112,1854,-749
2000,113,1841,-781
2000,114,1827,-813
2000,115,1812,-845
2000,116,1797,-876
2000,117,1782,-907
2000,118,1765,-938
2000,119,1749,-969
2000,120,1732,-999
2000,121,1714,-1030
2000,122,1696,-1059
2000,123,1677,-1089
2000,124,1658,-1118
2000,125,1638,-1147
2000,126,1618,-1175
2000,127,1597,-1203
2000,128,1576,-1231
2000,129,1554,-1258
2000,130,1532,-1285
2000,131,1509,-1312
2000,132,1486,-1338
2000,133,1462,-1363
2000,134,1438,-1389
2000,135,1414,-1414
2000,136,1389,-1438
2000,137,1363,-1462
2000,138,1338,-1486
2000,139,1312,-1509
2000,140,1285,-1532
2000,141,1258,-1554
2000,142,1231,-1576
2000,143,1203,-1597
2000,144,1175,-1618
2000,145,1147,-1638
2000,146,1118,-1658
2000,147,1089,-1677
2000,148,1059,-1696
2000,149,1030,-1714
2000,150,999,-1732
2000,151,969,-1749
2000,152,938,-1765
2000,153,907,-1782
2000,154,876,-1797
2000,155,845,-1812
2000,156,813,-1827
2000,157,781,-1841
2000,158,749,-1854
2000,159,716,-1867
2000,160,684,-1879
2000,161,651,-1891
2000,162,618,-1902
2000,163,584,-1912
2000,164,551,-1922
2000,165,517,-1931
2000,166,483,-1940
2000,167,449,-1948
2000,168,415,-1956
2000,169,381,-1963
2000,170,347,-1969
2000,171,312,-1975
2000,172,278,-1980
2000,173,243,-1985
2000,174,209,-1989
2000,175,174,-1992
2000,176,139,-1995
2000,177,104,-1997
2000,178,69,-1998
2000,179,34,-1999
2000,180,0,-2000
2000,181,-34,-1999
2000,182,-69,-1998
2000,183,-104,-1997
2000,184,-139,-1995
2000,185,-174,-1992
2000,186,-209,-1989
2000,187,-243,-1985
2000,188,-278,-1980
2000,189,-312,-1975
2000,190,-347,-1969
2000,191,-381,-1963
2000,192,-415,-1956
2000,193,-449,-1948
2000,194,-483,-1940
2000,195,-517,-1931
2000,196,-551,-1922
2000,197,-584,-1912
2000,198,-618,-1902
2000,199,-651,-1891
2000,200,-684,-1879
2000,201,-716,-1867
2000,202,-749,-1854
2000,203,-781,-1841
2000,204,-813,-1827
2000,205,-845,-1812
2000,206,-876,-1797
2000,207,-907,-1782
2000,208,-938,-1765
2000,209,-969,-1749
2000,210,-1000,-1732
2000,211,-1030,-1714
2000,212,-1059,-1696
2000,213,-1089,-1677
2000,214,-1118,-1658
2000,215,-1147,-1638
2000,216,-1175,-1618
2000,217,-1203,-1597
2000,218,-1231,-1576
2000,219,-1258,-1554
2000,220,-1285,-1532
2000,221,-1312,-1509
2000,222,-1338,-1486
2000,223,-1363,-1462
2000,224,-1389,-1438
2000,225,-1414,-1414
2000,226,-1438,-1389
2000,227,-1462,-1363
2000,228,-1486,-1338
2000,229,-1509,-1312
2000,230,-1532,-1285
2000,231,-1554,-1258
2000,232,-1576,-1231
2000,233,-1597,-1203
2000,234,-1618,-1175
2000,235,-1638,-1147
2000,236,-1658,-1118
2000,237,-1677,-1089
2000,238,-1696,-1059
2000,239,-1714,-1030
2000,240,-1732,-1000
2000,241,-1749,-969
2000,242,-1765,-938
2000,243,-1782,-907
2000,244,-1797,-876
2000,245,-1812,-845
2000,246,-1827,-813
2000,247,-1841,-781
2000,248,-1854,-749
2000,249,-1867,-716
2000,250,-1879,-684
2000,251,-1891,-651
2000,252,-1902,-618
2000,253,-1912,-584
2000,254,-1922,-551
2000,255,-1931,-517
2000,256,-1940,-483
2000,257,-1948,-449
2000,258,-1956,-415
2000,259,-1963,-381
2000,260,-1969,-347
2000,261,-1975,-312
2000,262,-1980,-278
2000,263,-1985,-243
2000,264,-1989,-209
2000,265,-1992,-174
2000,266,-1995,-139
2000,267,-1997,-104
2000,268,-1998,-69
2000,269,-1999,-34
2000,270,-2000,0
2000,271,-1999,34
2000,272,-1998,69
2000,273,-1997,104
2000,274,-1995,139
2000,275,-1992,174
2000,276,-1989,209
2000,277,-1985,243
2000,278,-1980,278
2000,279,-1975,312
2000,280,-1969,347
2000,281,-1963,381
2000,282,-1956,415
2000,283,-1948,449
2000,284,-1940,483
2000,285,-1931,517
2000,286,-1922,551
2000,287,-1912,584
2000,288,-1902,618
2000,289,-1891,651
2000,290,-1879,684
2000,291,-1867,716
2000,292,-1854,749
2000,293,-1841,781
2000,294,-1827,813
2000,295,-1812,845
2000,296,-1797,876
2000,297,-1782,907
2000,298,-1765,938
2000,299,-1749,969
2000,300,-1732,1000
2000,301,-1714,1030
2000,302,-1696,1059
2000,303,-1677,1089
2000,304,-1658,1118
2000,305,-1638,1147
2000,306,-1618,1175
2000,307,-1597,1203
2000,308,-1576,1231
2000,309,-1554,1258
2000,310,-1532,1285
2000,311,-1509,1312
2000,312,-1486,1338
2000,313,-1462,1363
2000,314,-1438,1389
2000,315,-1414,1414
2000,316,-1389,1438
2000,317,-1363,1462
2000,318,-1338,1486
2000,319,-1312,1509
2000,320,-1285,1532
2000,321,-1258,1554
2000,322,-1231,1576
2000,323,-1203,1597
2000,324,-1175,1618
2000,325,-1147,1638
2000,326,-1118,1658
2000,327,-1089,1677
2000,328,-1059,1696
2000,329,-1030,1714
2000,330,-1000,1732
2000,331,-969,1749
2000,332,-938,1765
2000,333,-907,1782
2000,334,-876,1797
2000,335,-845,1812
2000,336,-813,1827
2000,337,-781,1841
2000,338,-749,1854
2000,339,-716,1867
2000,340,-684,1879
2000,341,-651,1891
2000,342,-618,1902
2000,343,-584,1912
2000,344,-551,1922
2000,345,-517,1931
2000,346,-483,1940
2000,347,-449,1948
2000,348,-415,1956
2000,349,-381,1963
2000,350,-347,1969
2000,351,-312,1975
2000,352,-278,1980
2000,353,-243,1985
2000,354,-209,1989
2000,355,-174,1992
2000,356,-139,1995
2000,357,-104,1997
2000,358,-69,1998
2000,359,-34,1999
2000,360,0,2000
3000,0,0,3000
3000,1,52,2999
3000,2,104,2998
3000,3,157,2995
3000,4,209,2992
3000,5,261,2988
3000,6,313,2983
3000,7,365,2977
3000,8,417,2970
3000,9,469,2963
3000,10,520,2954
3000,11,572,2944
3000,12,623,2934
3000,13,674,2923
3000,14,725,2910
3000,15,776,2897
3000,16,826,2883
3000,17,877,2868
3000,18,927,2853
3000,19,976,2836
3000,20,1026,2819
3000,21,1075,2800
3000,22,1123,2781
3000,23,1172,2761
3000,24,1220,2740
3000,25,1267,2718
3000,26,1315,2696
3000,27,1361,2673
3000,28,1408,2648
3000,29,1454,2623
3000,30,1499,2598
3000,31,1545,2571
3000,32,1589,2544
3000,33,1633,2516
3000,34,1677,2487
3000,35,1720,2457
3000,36,1763,2427
3000,37,1805,2395
3000,38,1846,2364
3000,39,1887,2331
3000,40,1928,2298
3000,41,1968,2264
3000,42,2007,2229
3000,43,2045,2194
3000,44,2083,2158
3000,45,2121,2121
3000,46,2158,2083
3000,47,2194,2045
3000,48,2229,2007
3000,49,2264,1968
3000,50,2298,1928
3000,51,2331,1887
3000,52,2364,1846
3000,53,2395,1805
3000,54,2427,1763
3000,55,2457,1720
3000,56,2487,1677
3000,57,2516,1633
3000,58,2544,1589
3000,59,2571,1545
3000,60,2598,1500
3000,61,2623,1454
3000,62,2648,1408
3000,63,2673,1361
3000,64,2696,1315
3000,65,2718,1267
3000,66,2740,1220
3000,67,2761,1172
3000,68,2781,1123
3000,69,2800,1075
3000,70,2819,1026
3000,71,2836,976
3000,72,2853,927
3000,73,2868,877
3000,74,2883,826
3000,75,2897,776
3000,76,2910,725
3000,77,2923,674
3000,78,2934,623
3000,79,2944,572
3000,80,2954,520
3000,81,2963,469
3000,82,2970,417
3000,83,2977,365
3000,84,2983,313
3000,85,2988,261
3000,86,2992,209
3000,87,2995,157
3000,88,2998,104
3000,89,2999,52
3000,90,3000,0
3000,91,2999,-52
3000,92,2998,-104
3000,93,2995,-157
3000,94,2992,-209
3000,95,2988,-261
3000,96,2983,-313
3000,97,2977,-365
3000,98,2970,-417
3000,99,2963,-469
3000,100,2954,-520
3000,101,2944,-572
3000,102,2934,-623
3000,103,2923,-674
3000,104,2910,-725
3000,105,2897,-776
3000,106,2883,-826
3000,107,2868,-877
3000,108,2853,-927
3000,109,2836,-976
3000,110,2819,-1026
3000,111,2800,-1075
3000,112,2781,-1123
3000,113,2761,-1172
3000,114,2740,-1220
3000,115,2718,-1267
3000,116,2696,-1315
3000,117,2673,-1361
3000,118,2648,-1408
3000,119,2623,-1454
3000,120,2598,-1499
3000,121,2571,-1545
3000,122,2544,-1589
3000,123,2516,-1633
3000,124,2487,-1677
3000,125,2457,-1720
3000,126,2427,-1763
3000,127,2395,-1805
3000,128,2364,-1846
3000,129,2331,-1887
3000,130,2298,-1928
3000,131,2264,-1968
3000,132,2229,-2007
3000,133,2194,-2045
3000,134,2158,-2083
3000,135,2121,-2121
3000,136,2083,-2158
3000,137,2045,-2194
3000,138,2007,-2229
3000,139,1968,-2264
3000,140,1928,-2298
3000,141,1887,-2331
3000,142,1846,-2364
3000,143,1805,-2395
3000,144,1763,-2427
3000,145,1720,-2457
3000,146,1677,-2487
3000,147,1633,-2516
3000,148,1589,-2544
3000,149,1545,-2571
3000,150,1499,-2598
3000,151,1454,-2623
3000,152,1408,-2648
3000,153,1361,-2673
3000,154,1315,-2696
3000,155,1267,-2718
3000,156,1220,-2740
3000,157,1172,-2761
3000,158,1123,-2781
3000,159,1075,-2800
3000,160,1026,-2819
3000,161,976,-2836
3000,162,927,-2853
3000,163,877,-2868
3000,164,826,-2883
3000,165,776,-2897
3000,166,725,-2910
3000,167,674,-2923
3000,168,623,-2934
3000,169,572,-2944
3000,170,520,-2954
3000,171,469,-2963
3000,172,417,-2970
3000,173,365,-2977
3000,174,313,-2983
3000,175,261,-2988
3000,176,209,-2992
3000,177,157,-2995
3000,178,104,-2998
3000,179,52,-2999
3000,180,0,-3000
3000,181,-52,-2999
3000,182,-104,-2998
3000,183,-157,-2995
3000,184,-209,-2992
3000,185,-261,-2988
3000,186,-313,-2983
3000,187,-365,-2977
3000,188,-417,-2970
3000,189,-469,-2963
3000,190,-520,-2954
3000,191,-572,-2944
3000,192,-623,-2934
3000,193,-674,-2923
3000,194,-725,-2910
3000,195,-776,-2897
3000,196,-826,-2883
3000,197,-877,-2868
3000,198,-927,-2853
3000,199,-976,-2836
3000,200,-1026,-2819
3000,201,-1075,-2800
3000,202,-1123,-2781
3000,203,-1172,-2761
3000,204,-1220,-2740
3000,205,-1267,-2718
3000,206,-1315,-2696
3000,207,-1361,-2673
3000,208,-1408,-2648
3000,209,-1454,-2623
3000,210,-1500,-2598
3000,211,-1545,-2571
3000,212,-1589,-2544
3000,213,-1633,-2516
3000,214,-1677,-2487
3000,215,-1720,-2457
3000,216,-1763,-2427
3000,217,-1805,-2395
3000,218,-1846,-2364
3000,219,-1887,-2331
3000,220,-1928,-2298
3000,221,-1968,-2264
3000,222,-2007,-2229
3000,223,-2045,-2194
3000,224,-2083,-2158
3000,225,-2121,-2121
3000,226,-2158,-2083
3000,227,-2194,-2045
3000,228,-2229,-2007
3000,229,-2264,-1968
3000,230,-2298,-1928
3000,231,-2331,-1887
3000,232,-2364,-1846
3000,233,-2395,-1805
3000,234,-2427,-1763
3000,235,-2457,-1720
3000,236,-2487,-1677
3000,237,-2516,-1633
3000,238,-2544,-1589
3000,239,-2571,-1545
3000,240,-2598,-1500
3000,241,-2623,-1454
3000,242,-2648,-1408
3000,243,-2673,-1361
3000,244,-2696,-1315
3000,245,-2718,-1267
3000,246,-2740,-1220
3000,247,-2761,-1172
3000,248,-2781,-1123
3000,249,-2800,-1075
3000,250,-2819,-1026
3000,251,-2836,-976
3000,252,-2853,-927
3000,253,-2868,-877
3000,254,-2883,-826
3000,255,-2897,-776
3000,256,-2910,-725
3000,257,-2923,-674
3000,258,-2934,-623
3000,259,-2944,-572
3000,260,-2954,-520
3000,261,-2963,-469
3000,262,-2970,-417
3000,263,-2977,-365
3000,264,-2983,-313
3000,265,-2988,-261
3000,266,-2992,-209
3000,267,-2995,-157
3000,268,-2998,-104
3000,269,-2999,-52
3000,270,-3000,0
3000,271,-2999,52
3000,272,-2998,104
3000,273,-2995,157
3000,274,-2992,209
3000,275,-2988,261
3000,276,-2983,313
3000,277,-2977,365
3000,278,-2970,417
3000,279,-2963,469
3000,280,-2954,520
3000,281,-2944,572
3000,282,-2934,623
3000,283,-2923,674
3000,284,-2910,725
3000,285,-2897,776
3000,286,-2883,826
3000,287,-2868,877
3000,288,-2853,927
3000,289,-2836,976
3000,290,-2819,1026
3000,291,-2800,1075
3000,292,-2781,1123
3000,293,-2761,1172
3000,294,-2740,1220
3000,295,-2718,1267
3000,296,-2696,1315
3000,297,-2673,1361
3000,298,-2648,1408
3000,299,-2623,1454
3000,300,-2598,1500
3000,301,-2571,1545
3000,302,-2544,1589
3000,303,-2516,1633
3000,304,-2487,1677
3000,305,-2457,1720
3000,306,-2427,1763
3000,307,-2395,1805
3000,308,-2364,1846
3000,309,-2331,1887
3000,310,-2298,1928
3000,311,-2264,1968
3000,312,-2229,2007
3000,313,-2194,2045
3000,314,-2158,2083
3000,315,-2121,2121
3000,316,-2083,2158
3000,317,-2045,2194
3000,318,-2007,2229
3000,319,-1968,2264
3000,320,-1928,2298
3000,321,-1887,2331
3000,322,-1846,2364
3000,323,-1805,2395
3000,324,-1763,2427
3000,325,-1720,2457
3000,326,-1677,2487
3000,327,-1633,2516
3000,328,-1589,2544
3000,329,-1545,2571
3000,330,-1500,2598
3000,331,-1454,2623
3000,332,-1408,2648
3000,333,-1361,2673
3000,334,-1315,2696
3000,335,-1267,2718
3000,336,-1220,2740
3000,337,-1172,2761
3000,338,-1123,2781
3000,339,-1075,2800
3000,340,-1026,2819
3000,341,-976,2836
3000,342,-927,2853
3000,343,-877,2868
3000,344,-826,2883
3000,345,-776,2897
3000,346,-725,2910
3000,347,-674,2923
3000,348,-623,2934
3000,349,-572,2944
3000,350,-520,2954
3000,351,-469,2963
3000,352,-417,2970
3000,353,-365,2977
3000,354,-313,2983
3000,355,-261,2988
3000,356,-209,2992
3000,357,-157,2995
3000,358,-104,2998
3000,359,-52,2999
3000,360,0,3000
4000,0,0,4000
4000,1,69,3999
4000,2,139,3997
4000,3,209,3994
4000,4,279,3990
4000,5,348,3984
4000,6,418,3978
4000,7,487,3970
4000,8,556,3961
4000,9,625,3950
4000,10,694,3939
4000,11,763,3926
4000,12,831,3912
4000,13,899,3897
4000,14,967,3881
4000,15,1035,3863
4000,16,1102,3845
4000,17,1169,3825
4000,18,1236,3804
4000,19,1302,3782
4000,20,1368,3758
4000,21,1433,3734
4000,22,1498,3708
4000,23,1562,3682
4000,24,1626,3654
4000,25,1690,3625
4000,26,1753,3595
4000,27,1815,3564
4000,28,1877,3531
4000,29,1939,3498
4000,30,1999,3464
4000,31,2060,3428
4000,32,2119,3392
4000,33,2178,3354
4000,34,2236,3316
4000,35,2294,3276
4000,36,2351,3236
4000,37,2407,3194
4000,38,2462,3152
4000,39,2517,3108
4000,40,2571,3064
4000,41,2624,3018
4000,42,2676,2972
4000,43,2727,2925
4000,44,2778,2877
4000,45,2828,2828
4000,46,2877,2778
4000,47,2925,2727
4000,48,2972,2676
4000,49,3018,2624
4000,50,3064,2571
4000,51,3108,2517
4000,52,3152,2462
4000,53,3194,2407
4000,54,3236,2351
4000,55,3276,2294
4000,56,3316,2236
4000,57,3354,2178
4000,58,3392,2119
4000,59,3428,2060
4000,60,3464,2000
4000,61,3498,1939
4000,62,3531,1877
4000,63,3564,1815
4000,64,3595,1753
4000,65,3625,1690
4000,66,3654,1626
4000,67,3682,1562
4000,68,3708,1498
4000,69,3734,1433
4000,70,3758,1368
4000,71,3782,1302
4000,72,3804,1236
4000,73,3825,1169
4000,74,3845,1102
4000,75,3863,1035
4000,76,3881,967
4000,77,3897,899
4000,78,3912,831
4000,79,3926,763
4000,80,3939,694
4000,81,3950,625
4000,82,3961,556
4000,83,3970,487
4000,84,3978,418
4000,85,3984,348
4000,86,3990,279
4000,87,3994,209
4000,88,3997,139
4000,89,3999,69
4000,90,4000,0
4000,91,3999,-69
4000,92,3997,-139
4000,93,3994,-209
4000,94,3990,-279
4000,95,3984,-348
4000,96,3978,-418
4000,97,3970,-487
4000,98,3961,-556
4000,99,3950,-625
4000,100,3939,-694
4000,101,3926,-763
4000,102,3912,-831
4000,103,3897,-899
4000,104,3881,-967
4000,105,3863,-1035
4000,106,3845,-1102
4000,107,3825,-1169
4000,108,3804,-1236
4000,109,3782,-1302
4000,110,3758,-1368
4000,111,3734,-1433
4000,112,3708,-1498
4000,113,3682,-1562
4000,114,3654,-1626
4000,115,3625,-1690
4000,116,3595,-1753
4000,117,3564,-1815
4000,118,3531,-1877
4000,119,3498,-1939
4000,120,3464,-1999
4000,121,3428,-2060
4000,122,3392,-2119
4000,123,3354,-2178
4000,124,3316,-2236
4000,125,3276,-2294
4000,126,3236,-2351
4000,127,3194,-2407
4000,128,3152,-2462
4000,129,3108,-2517
4000,130,3064,-2571
4000,131,3018,-2624
4000,132,2972,-2676
4000,133,2925,-2727
4000,134,2877,-2778
4000,135,2828,-2828
4000,136,2778,-2877
4000,137,2727,-2925
4000,138,2676,-2972
4000,139,2624,-3018
4000,140,2571,-3064
4000,141,2517,-3108
4000,142,2462,-3152
4000,143,2407,-3194
4000,144,2351,-3236
4000,145,2294,-3276
4000,146,2236,-3316
4000,147,2178,-3354
4000,148,2119,-3392
4000,149,2060,-3428
4000,150,1999,-3464
4000,151,1939,-3498
4000,152,1877,-3531
4000,153,1815,-3564
4000,154,1753,-3595
4000,155,1690,-3625
4000,156,1626,-3654
4000,157,1562,-3682
4000,158,1498,-3708
4000,159,1433,-3734
4000,160,1368,-3758
4000,161,1302,-3782
4000,162,1236,-3804
4000,163,1169,-3825
4000,164,1102,-3845
4000,165,1035,-3863
4000,166,967,-3881
4000,167,899,-3897
4000,168,831,-3912
4000,169,763,-3926
4000,170,694,-3939
4000,171,625,-3950
4000,172,556,-3961
4000,173,487,-3970
4000,174,418,-3978
4000,175,348,-3984
4000,176,279,-3990
4000,177,209,-3994
4000,178,139,-3997
4000,179,69,-3999
4000,180,0,-4000
4000,181,-69,-3999
4000,182,-139,-3997
4000,183,-209,-3994
4000,184,-279,-3990
4000,185,-348,-3984
4000,186,-418,-3978
4000,187,-487,-3970
4000,188,-556,-3961
4000,189,-625,-3950
4000,190,-694,-3939
4000,191,-763,-3926
4000,192,-831,-3912
4000,193,-899,-3897
4000,194,-967,-3881
4000,195,-1035,-3863
4000,196,-1102,-3845
4000,197,-1169,-3825
4000,198,-1236,-3804
4000,199,-1302,-3782
4000,200,-1368,-3758
4000,201,-1433,-3734
4000,202,-1498,-3708
4000,203,-1562,-3682
4000,204,-1626,-3654
4000,205,-1690,-3625
4000,206,-1753,-3595
4000,207,-1815,-3564
4000,208,-1877,-3531
4000,209,-1939,-3498
4000,210,-2000,-3464
4000,211,-2060,-3428
4000,212,-2119,-3392
4000,213,-2178,-3354
4000,214,-2236,-3316
4000,215,-2294,-3276
4000,216,-2351,-3236
4000,217,-2407,-3194
4000,218,-2462,-3152
4000,219,-2517,-3108
4000,220,-2571,-3064
4000,221,-2624,-3018
4000,222,-2676,-2972
4000,223,-2727,-2925
4000,224,-2778,-2877
4000,225,-2828,-2828
4000,226,-2877,-2778
4000,227,-2925,-2727
4000,228,-2972,-2676
4000,229,-3018,-2624
4000,230,-3064,-2571
4000,231,-3108,-2517
4000,232,-3152,-2462
4000,233,-3194,-2407
4000,234,-3236,-2351
4000,235,-3276,-2294
4000,236,-3316,-2236
4000,237,-3354,-2178
4000,238,-3392,-2119
4000,239,-3428,-2060
4000,240,-3464,-2000
4000,241,-3498,-1939
4000,242,-3531,-1877
4000,243,-3564,-1815
4000,244,-3595,-1753
4000,245,-3625,-1690
4000,246,-3654,-1626
4000,247,-3682,-1562
4000,248,-3708,-1498
4000,249,-3734,-1433
4000,250,-3758,-1368
4000,251,-3782,-1302
4000,252,-3804,-1236
4000,253,-3825,-1169
4000,254,-3845,-1102
4000,255,-3863,-1035
4000,256,-3881,-967
4000,257,-3897,-899
4000,258,-3912,-831
4000,259,-3926,-763
4000,260,-3939,-694
4000,261,-3950,-625
4000,262,-3961,-556
4000,263,-3970,-487
4000,264,-3978,-418
4000,265,-3984,-348
4000,266,-3990,-279
4000,267,-3994,-209
4000,268,-3997,-139
4000,269,-3999,-69
4000,270,-4000,0
4000,271,-3999,69
4000,272,-3997,139
4000,273,-3994,209
4000,274,-3990,279
4000,275,-3984,348
4000,276,-3978,418
4000,277,-3970,487
4000,278,-3961,556
4000,279,-3950,625
4000,280,-3939,694
4000,281,-3926,763
4000,282,-3912,831
4000,283,-3897,899
4000,284,-3881,967
4000,285,-3863,1035
4000,286,-3845,1102
4000,287,-3825,1169
4000,288,-3804,1236
4000,289,-3782,1302
4000,290,-3758,1368
4000,291,-3734,1433
4000,292,-3708,1498
4000,293,-3682,1562
4000,294,-3654,1626
4000,295,-3625,1690
4000,296,-3595,1753
4000,297,-3564,1815
4000,298,-3531,1877
4000,299,-3498,1939
4000,300,-3464,2000
4000,301,-3428,2060
4000,302,-3392,2119
4000,303,-3354,2178
4000,304,-3316,2236
4000,305,-3276,2294
4000,306,-3236,2351
4000,307,-3194,2407
4000,308,-3152,2462
4000,309,-3108,2517
4000,310,-3064,2571
4000,311,-3018,2624
4000,312,-2972,2676
4000,313,-2925,2727
4000,314,-2877,2778
4000,315,-2828,2828
4000,316,-2778,2877
4000,317,-2727,2925
4000,318,-2676,2972
4000,319,-2624,3018
4000,320,-2571,3064
4000,321,-2517,3108
4000,322,-2462,3152
4000,323,-2407,3194
4000,324,-2351,3236
4000,325,-2294,3276
4000,326,-2236,3316
4000,327,-2178,3354
4000,328,-2119,3392
4000,329,-2060,3428
4000,330,-2000,3464
4000,331,-1939,3498
4000,332,-1877,3531
4000,333,-1815,3564
4000,334,-1753,3595
4000,335,-1690,3625
4000,336,-1626,3654
4000,337,-1562,3682
4000,338,-1498,3708
4000,339,-1433,3734
4000,340,-1368,3758
4000,341,-1302,3782
4000,342,-1236,3804
4000,343,-1169,3825
4000,344,-1102,3845
4000,345,-1035,3863
4000,346,-967,3881
4000,347,-899,3897
4000,348,-831,3912
4000,349,-763,3926
4000,350,-694,3939
4000,351,-625,3950
4000,352,-556,3961
4000,353,-487,3970
4000,354,-418,3978
4000,355,-348,3984
4000,356,-279,3990
4000,357,-209,3994
4000,358,-139,3997
4000,359,-69,3999
4000,360,0,4000
5000,0,0,5000
5000,1,87,4999
5000,2,174,4996
5000,3,261,4993
5000,4,348,4987
5000,5,435,4980
5000,6,522,4972
5000,7,609,4962
5000,8,695,4951
5000,9,782,4938
5000,10,868,4924
5000,11,954,4908
5000,12,1039,4890
5000,13,1124,4871
5000,14,1209,4851
5000,15,1294,4829
5000,16,1378,4806
5000,17,1461,4781
5000,18,1545,4755
5000,19,1627,4727
5000,20,1710,4698
5000,21,1791,4667
5000,22,1873,4635
5000,23,1953,4602
5000,24,2033,4567
5000,25,2113,4531
5000,26,2191,4493
5000,27,2269,4455
5000,28,2347,4414
5000,29,2424,4373
5000,30,2499,4330
5000,31,2575,4285
5000,32,2649,4240
5000,33,2723,4193
5000,34,2795,4145
5000,35,2867,4095
5000,36,2938,4045
5000,37,3009,3993
5000,38,3078,3940
5000,39,3146,3885
5000,40,3213,3830
5000,41,3280,3773
5000,42,3345,3715
5000,43,3409,3656
5000,44,3473,3596
5000,45,3535,3535
5000,46,3596,3473
5000,47,3656,3409
5000,48,3715,3345
5000,49,3773,3280
5000,50,3830,3213
5000,51,3885,3146
5000,52,3940,3078
5000,53,3993,3009
5000,54,4045,2938
5000,55,4095,2867
5000,56,4145,2795
5000,57,4193,2723
5000,58,4240,2649
5000,59,4285,2575
5000,60,4330,2500
5000,61,4373,2424
5000,62,4414,2347
5000,63,4455,2269
5000,64,4493,2191
5000,65,4531,2113
5000,66,4567,2033
5000,67,4602,1953
5000,68,4635,1873
5000,69,4667,1791
5000,70,4698,1710
5000,71,4727,1627
5000,72,4755,1545
5000,73,4781,1461
5000,74,4806,1378
5000,75,4829,1294
5000,76,4851,1209
5000,77,4871,1124
5000,78,4890,1039
5000,79,4908,954
5000,80,4924,868
5000,81,4938,782
5000,82,4951,695
5000,83,4962,609
5000,84,4972,522
5000,85,4980,435
5000,86,4987,348
5000,87,4993,261
5000,88,4996,174
5000,89,4999,87
5000,90,5000,0
5000,91,4999,-87
5000,92,4996,-174
5000,93,4993,-261
5000,94,4987,-348
5000,95,4980,-435
5000,96,4972,-522
5000,97,4962,-609
5000,98,4951,-695
5000,99,4938,-782
5000,100,4924,-868
5000,101,4908,-954
5000,102,4890,-1039
5000,103,4871,-1124
5000,104,4851,-1209
5000,105,4829,-1294
5000,106,4806,-1378
5000,107,4781,-1461
5000,108,4755,-1545
5000,109,4727,-1627
5000,110,4698,-1710
5000,111,4667,-1791
5000,112,4635,-1873
5000,113,4602,-1953
5000,114,4567,-2033
5000,115,4531,-2113
5000,116,4493,-2191
5000,117,4455,-2269
5000,118,4414,-2347
5000,119,4373,-2424
5000,120,4330,-2499
5000,121,4285,-2575
5000,122,4240,-2649
5000,123,4193,-2723
5000,124,4145,-2795
5000,125,4095,-2867
5000,126,4045,-2938
5000,127,3993,-3009
5000,128,3940,-3078
5000,129,3885,-3146
5000,130,3830,-3213
5000,131,3773,-3280
5000,132,3715,-3345
5000,133,3656,-3409
5000,134,3596,-3473
5000,135,3535,-3535
5000,136,3473,-3596
5000,137,3409,-3656
5000,138,3345,-3715
5000,139,3280,-3773
5000,140,3213,-3830
5000,141,3146,-3885
5000,142,3078,-3940
5000,143,3009,-3993
5000,144,2938,-4045
5000,145,2867,-4095
5000,146,2795,-4145
5000,147,2723,-4193
5000,148,2649,-4240
5000,149,2575,-4285
5000,150,2499,-4330
5000,151,2424,-4373
5000,152,2347,-4414
5000,153,2269,-4455
5000,154,2191,-4493
5000,155,2113,-4531
5000,156,2033,-4567
5000,157,1953,-4602
5000,158,1873,-4635
5000,159,1791,-4667
5000,160,1710,-4698
5000,161,1627,-4727
5000,162,1545,-4755
5000,163,1461,-4781
5000,164,1378,-4806
5000,165,1294,-4829
5000,166,1209,-4851
5000,167,1124,-4871
5000,168,1039,-4890
5000,169,954,-4908
5000,170,868,-4924
5000,171,782,-4938
5000,172,695,-4951
5000,173,609,-4962
5000,174,522,-4972
5000,175,435,-4980
5000,176,348,-4987
5000,177,261,-4993
5000,178,174,-4996
5000,179,87,-4999
5000,180,0,-5000
5000,181,-87,-4999
5000,182,-174,-4996
5000,183,-261,-4993
5000,184,-348,-4987
5000,185,-435,-4980
5000,186,-522,-4972
5000,187,-609,-4962
5000,188,-695,-4951
5000,189,-782,-4938
5000,190,-868,-4924
5000,191,-954,-4908
5000,192,-1039,-4890
5000,193,-1124,-4871
5000,194,-1209,-4851
5000,195,-1294,-4829
5000,196,-1378,-4806
5000,197,-1461,-4781
5000,198,-1545,-4755
5000,199,-1627,-4727
5000,200,-1710,-4698
5000,201,-1791,-4667
5000,202,-1873,-4635
5000,203,-1953,-4602
5000,204,-2033,-4567
5000,205,-2113,-4531
5000,206,-2191,-4493
5000,207,-2269,-4455
5000,208,-2347,-4414
5000,209,-2424,-4373
5000,210,-2500,-4330
5000,211,-2575,-4285
5000,212,-2649,-4240
5000,213,-2723,-4193
5000,214,-2795,-4145
5000,215,-2867,-4095
5000,216,-2938,-4045
5000,217,-3009,-3993
5000,218,-3078,-3940
5000,219,-3146,-3885
5000,220,-3213,-3830
5000,221,-3280,-3773
5000,222,-3345,-3715
5000,223,-3409,-3656
5000,224,-3473,-3596
5000,225,-3535,-3535
5000,226,-3596,-3473
5000,227,-3656,-3409
5000,228,-3715,-3345
5000,229,-3773,-3280
5000,230,-3830,-3213
5000,231,-3885,-3146
5000,232,-3940,-3078
5000,233,-3993,-3009
5000,234,-4045,-2938
5000,235,-4095,-2867
5000,236,-4145,-2795
5000,237,-4193,-2723
5000,238,-4240,-2649
5000,239,-4285,-2575
5000,240,-4330,-2500
5000,241,-4373,-2424
5000,242,-4414,-2347
5000,243,-4455,-2269
5000,244,-4493,-2191
5000,245,-4531,-2113
5000,246,-4567,-2033
5000,247,-4602,-1953
5000,248,-4635,-1873
5000,249,-4667,-1791
5000,250,-4698,-1710
5000,251,-4727,-1627
5000,252,-4755,-1545
5000,253,-4781,-1461
5000,254,-4806,-1378
5000,255,-4829,-1294
5000,256,-4851,-1209
5000,257,-4871,-1124
5000,258,-4890,-1039
5000,259,-4908,-954
5000,260,-4924,-868
5000,261,-4938,-782
5000,262,-4951,-695
5000,263,-4962,-609
5000,264,-4972,-522
5000,265,-4980,-435
5000,266,-4987,-348
5000,267,-4993,-261
5000,268,-4996,-174
5000,269,-4999,-87
5000,270,-5000,0
5000,271,-4999,87
5000,272,-4996,174
5000,273,-4993,261
5000,274,-4987,348
5000,275,-4980,435
5000,276,-4972,522
5000,277,-4962,609
5000,278,-4951,695
5000,279,-4938,782
5000,280,-4924,868
5000,281,-4908,954
5000,282,-4890,1039
5000,283,-4871,1124
5000,284,-4851,1209
5000,285,-4829,1294
5000,286,-4806,1378
5000,287,-4781,1461
5000,288,-4755,1545
5000,289,-4727,1627
5000,290,-4698,1710
5000,291,-4667,1791
5000,292,-4635,1873
5000,293,-4602,1953
5000,294,-4567,2033
5000,295,-4531,2113
5000,296,-4493,2191
5000,297,-4455,2269
5000,298,-4414,2347
5000,299,-4373,2424
5000,300,-4330,2500
5000,301,-4285,2575
5000,302,-4240,2649
5000,303,-4193,2723
5000,304,-4145,2795
5000,305,-4095,2867
5000,306,-4045,2938
5000,307,-3993,3009
5000,308,-3940,3078
5000,309,-3885,3146
5000,310,-3830,3213
5000,311,-3773,3280
5000,312,-3715,3345
5000,313,-3656,3409
5000,314,-3596,3473
5000,315,-3535,3535
5000,316,-3473,3596
5000,317,-3409,3656
5000,318,-3345,3715
5000,319,-3280,3773
5000,320,-3213,3830
5000,321,-3146,3885
5000,322,-3078,3940
5000,323,-3009,3993
5000,324,-2938,4045
5000,325,-2867,4095
5000,326,-2795,4145
5000,327,-2723,4193
5000,328,-2649,4240
5000,329,-2575,4285
5000,330,-2500,4330
5000,331,-2424,4373
5000,332,-2347,4414
5000,333,-2269,4455
5000,334,-2191,4493
5000,335,-2113,4531
5000,336,-2033,4567
5000,337,-1953,4602
5000,338,-1873,4635
5000,339,-1791,4667
5000,340,-1710,4698
5000,341,-1627,4727
5000,342,-1545,4755
5000,343,-1461,4781
5000,344,-1378,4806
5000,345,-1294,4829
5000,346,-1209,4851
5000,347,-1124,4871
5000,348,-1039,4890
5000,349,-954,4908
5000,350,-868,4924
5000,351,-782,4938
5000,352,-695,4951
5000,353,-609,4962
5000,354,-522,4972
5000,355,-435,4980
5000,356,-348,4987
5000,357,-261,4993
5000,358,-174,4996
5000,359,-87,4999
5000,360,0,5000
